"category","image","detected","num_faces","avg_conf"
"0--Parade","0_Parade_Parade_0_43.jpg",TRUE,32,82.4375
"0--Parade","0_Parade_Parade_0_850.jpg",TRUE,10,66.2
"0--Parade","0_Parade_marchingband_1_525.jpg",TRUE,7,57.4285714285714
"0--Parade","0_Parade_Parade_0_164.jpg",TRUE,4,37.25
"0--Parade","0_Parade_marchingband_1_932.jpg",TRUE,6,81.1666666666667
"0--Parade","0_Parade_marchingband_1_353.jpg",TRUE,2,99
"0--Parade","0_Parade_marchingband_1_147.jpg",TRUE,4,90
"0--Parade","0_Parade_marchingband_1_1004.jpg",TRUE,9,77.6666666666667
"0--Parade","0_Parade_marchingband_1_188.jpg",TRUE,2,28.5
"0--Parade","0_Parade_Parade_0_628.jpg",TRUE,4,86.25
"0--Parade","0_Parade_Parade_0_545.jpg",TRUE,3,57.6666666666667
"0--Parade","0_Parade_marchingband_1_149.jpg",TRUE,24,97.9166666666667
"0--Parade","0_Parade_marchingband_1_653.jpg",TRUE,4,37.75
"0--Parade","0_Parade_Parade_0_288.jpg",FALSE,0,NA
"0--Parade","0_Parade_marchingband_1_74.jpg",TRUE,21,58.5238095238095
"0--Parade","0_Parade_Parade_0_854.jpg",TRUE,5,87.8
"0--Parade","0_Parade_Parade_0_664.jpg",TRUE,8,68.5
"0--Parade","0_Parade_marchingband_1_768.jpg",TRUE,3,32
"0--Parade","0_Parade_marchingband_1_360.jpg",TRUE,6,71.6666666666667
"0--Parade","0_Parade_Parade_0_757.jpg",TRUE,2,63
"0--Parade","0_Parade_marchingband_1_359.jpg",TRUE,8,89.875
"0--Parade","0_Parade_Parade_0_377.jpg",TRUE,4,67
"0--Parade","0_Parade_marchingband_1_629.jpg",TRUE,3,27
"0--Parade","0_Parade_Parade_0_137.jpg",TRUE,2,38.5
"0--Parade","0_Parade_marchingband_1_309.jpg",TRUE,2,69.5
"0--Parade","0_Parade_Parade_0_616.jpg",TRUE,5,99
"0--Parade","0_Parade_Parade_0_829.jpg",TRUE,4,89.75
"0--Parade","0_Parade_Parade_0_901.jpg",TRUE,3,99
"0--Parade","0_Parade_Parade_0_478.jpg",TRUE,3,56.3333333333333
"0--Parade","0_Parade_Parade_0_468.jpg",TRUE,8,61.5
"0--Parade","0_Parade_marchingband_1_552.jpg",FALSE,0,NA
"0--Parade","0_Parade_marchingband_1_869.jpg",TRUE,7,71.2857142857143
"0--Parade","0_Parade_Parade_0_286.jpg",TRUE,2,71
"0--Parade","0_Parade_marchingband_1_593.jpg",FALSE,0,NA
"0--Parade","0_Parade_Parade_0_459.jpg",TRUE,6,83.3333333333333
"0--Parade","0_Parade_Parade_0_443.jpg",TRUE,6,87.8333333333333
"0--Parade","0_Parade_marchingband_1_910.jpg",TRUE,9,58.4444444444444
"0--Parade","0_Parade_Parade_0_639.jpg",TRUE,5,86.6
"0--Parade","0_Parade_Parade_0_611.jpg",TRUE,6,84
"0--Parade","0_Parade_Parade_0_887.jpg",TRUE,9,91.7777777777778
"3--Riot","3_Riot_Riot_3_604.jpg",TRUE,4,98.25
"3--Riot","3_Riot_Riot_3_137.jpg",TRUE,16,81.875
"3--Riot","3_Riot_Riot_3_716.jpg",TRUE,4,86
"3--Riot","3_Riot_Riot_3_306.jpg",TRUE,3,83.6666666666667
"3--Riot","3_Riot_Riot_3_1037.jpg",TRUE,15,83.0666666666667
"3--Riot","3_Riot_Riot_3_772.jpg",TRUE,1,99
"3--Riot","3_Riot_Riot_3_542.jpg",FALSE,0,NA
"3--Riot","3_Riot_Riot_3_318.jpg",TRUE,3,96
"3--Riot","3_Riot_Riot_3_725.jpg",TRUE,12,77.3333333333333
"3--Riot","3_Riot_Riot_3_186.jpg",TRUE,5,63.4
"3--Riot","3_Riot_Riot_3_689.jpg",TRUE,3,93.6666666666667
"3--Riot","3_Riot_Riot_3_354.jpg",TRUE,1,73
"3--Riot","3_Riot_Riot_3_963.jpg",TRUE,3,56
"3--Riot","3_Riot_Riot_3_263.jpg",TRUE,4,79.5
"3--Riot","3_Riot_Riot_3_480.jpg",TRUE,3,99
"3--Riot","3_Riot_Riot_3_184.jpg",TRUE,5,58.8
"3--Riot","3_Riot_Riot_3_26.jpg",TRUE,30,82.1
"3--Riot","3_Riot_Riot_3_199.jpg",TRUE,4,59.5
"3--Riot","3_Riot_Riot_3_488.jpg",TRUE,3,99
"3--Riot","3_Riot_Riot_3_415.jpg",TRUE,2,30.5
"3--Riot","3_Riot_Riot_3_765.jpg",TRUE,2,75
"3--Riot","3_Riot_Riot_3_521.jpg",TRUE,7,82
"3--Riot","3_Riot_Riot_3_166.jpg",TRUE,2,68.5
"3--Riot","3_Riot_Riot_3_322.jpg",TRUE,6,68
"3--Riot","3_Riot_Riot_3_106.jpg",TRUE,5,46.8
"3--Riot","3_Riot_Riot_3_123.jpg",TRUE,1,32
"3--Riot","3_Riot_Riot_3_506.jpg",TRUE,4,47.25
"3--Riot","3_Riot_Riot_3_393.jpg",TRUE,3,58.6666666666667
"3--Riot","3_Riot_Riot_3_750.jpg",TRUE,4,50
"3--Riot","3_Riot_Riot_3_273.jpg",TRUE,7,83.7142857142857
"3--Riot","3_Riot_Riot_3_710.jpg",TRUE,1,86
"3--Riot","3_Riot_Riot_3_436.jpg",TRUE,3,67.6666666666667
"3--Riot","3_Riot_Riot_3_438.jpg",TRUE,2,68.5
"3--Riot","3_Riot_Riot_3_666.jpg",TRUE,2,99
"3--Riot","3_Riot_Riot_3_993.jpg",TRUE,4,99
"3--Riot","3_Riot_Riot_3_405.jpg",TRUE,3,87
"3--Riot","3_Riot_Riot_3_101.jpg",TRUE,1,55
"3--Riot","3_Riot_Riot_3_790.jpg",TRUE,3,71.6666666666667
"3--Riot","3_Riot_Riot_3_522.jpg",TRUE,4,67.75
"3--Riot","3_Riot_Riot_3_958.jpg",TRUE,15,83
"4--Dancing","4_Dancing_Dancing_4_189.jpg",TRUE,2,95.5
"4--Dancing","4_Dancing_Dancing_4_124.jpg",TRUE,1,82
"4--Dancing","4_Dancing_Dancing_4_1028.jpg",TRUE,1,100
"4--Dancing","4_Dancing_Dancing_4_769.jpg",TRUE,2,99
"4--Dancing","4_Dancing_Dancing_4_1043.jpg",TRUE,2,43.5
"4--Dancing","4_Dancing_Dancing_4_489.jpg",TRUE,35,87.2857142857143
"4--Dancing","4_Dancing_Dancing_4_718.jpg",TRUE,3,63.6666666666667
"4--Dancing","4_Dancing_Dancing_4_960.jpg",TRUE,2,63
"4--Dancing","4_Dancing_Dancing_4_384.jpg",TRUE,5,77.2
"4--Dancing","4_Dancing_Dancing_4_253.jpg",TRUE,4,84.25
"4--Dancing","4_Dancing_Dancing_4_878.jpg",TRUE,3,51.3333333333333
"4--Dancing","4_Dancing_Dancing_4_715.jpg",TRUE,6,86.8333333333333
"4--Dancing","4_Dancing_Dancing_4_224.jpg",TRUE,4,84.25
"4--Dancing","4_Dancing_Dancing_4_1026.jpg",TRUE,7,79.7142857142857
"4--Dancing","4_Dancing_Dancing_4_1036.jpg",TRUE,3,86.6666666666667
"4--Dancing","4_Dancing_Dancing_4_517.jpg",TRUE,1,93
"4--Dancing","4_Dancing_Dancing_4_240.jpg",TRUE,6,99
"4--Dancing","4_Dancing_Dancing_4_289.jpg",TRUE,1,92
"4--Dancing","4_Dancing_Dancing_4_922.jpg",TRUE,5,63.4
"4--Dancing","4_Dancing_Dancing_4_1029.jpg",TRUE,3,96.6666666666667
"4--Dancing","4_Dancing_Dancing_4_375.jpg",TRUE,2,67
"4--Dancing","4_Dancing_Dancing_4_97.jpg",TRUE,5,80.8
"4--Dancing","4_Dancing_Dancing_4_194.jpg",FALSE,0,NA
"4--Dancing","4_Dancing_Dancing_4_378.jpg",TRUE,4,71.75
"4--Dancing","4_Dancing_Dancing_4_854.jpg",TRUE,4,99
"4--Dancing","4_Dancing_Dancing_4_327.jpg",TRUE,1,98
"4--Dancing","4_Dancing_Dancing_4_983.jpg",TRUE,2,99.5
"4--Dancing","4_Dancing_Dancing_4_1000.jpg",TRUE,2,95.5
"4--Dancing","4_Dancing_Dancing_4_514.jpg",TRUE,3,86.3333333333333
"4--Dancing","4_Dancing_Dancing_4_162.jpg",TRUE,2,93
"4--Dancing","4_Dancing_Dancing_4_53.jpg",TRUE,4,97.5
"4--Dancing","4_Dancing_Dancing_4_813.jpg",TRUE,2,99
"4--Dancing","4_Dancing_Dancing_4_57.jpg",TRUE,1,40
"4--Dancing","4_Dancing_Dancing_4_319.jpg",TRUE,18,84.4444444444444
"4--Dancing","4_Dancing_Dancing_4_21.jpg",TRUE,5,58
"4--Dancing","4_Dancing_Dancing_4_41.jpg",TRUE,5,35
"4--Dancing","4_Dancing_Dancing_4_156.jpg",TRUE,1,97
"4--Dancing","4_Dancing_Dancing_4_84.jpg",TRUE,11,93.3636363636364
"4--Dancing","4_Dancing_Dancing_4_915.jpg",TRUE,6,64.1666666666667
"4--Dancing","4_Dancing_Dancing_4_885.jpg",TRUE,5,77.2
"5--Car_Accident","5_Car_Accident_Accident_5_796.jpg",TRUE,4,98.5
"5--Car_Accident","5_Car_Accident_Accident_5_234.jpg",FALSE,0,NA
"5--Car_Accident","5_Car_Accident_Car_Crash_5_544.jpg",TRUE,5,83.6
"5--Car_Accident","5_Car_Accident_Accident_5_982.jpg",TRUE,3,99
"5--Car_Accident","5_Car_Accident_Accident_5_641.jpg",TRUE,1,45
"5--Car_Accident","5_Car_Accident_Car_Crash_5_457.jpg",TRUE,3,64
"5--Car_Accident","5_Car_Accident_Accident_5_628.jpg",TRUE,2,77.5
"5--Car_Accident","5_Car_Accident_Accident_5_388.jpg",TRUE,1,95
"5--Car_Accident","5_Car_Accident_Car_Crash_5_866.jpg",TRUE,2,63
"5--Car_Accident","5_Car_Accident_Accident_5_244.jpg",TRUE,1,30
"5--Car_Accident","5_Car_Accident_Car_Crash_5_475.jpg",FALSE,0,NA
"5--Car_Accident","5_Car_Accident_Accident_5_777.jpg",TRUE,4,45.25
"5--Car_Accident","5_Car_Accident_Accident_5_735.jpg",TRUE,2,45
"5--Car_Accident","5_Car_Accident_Accident_5_177.jpg",TRUE,3,46
"5--Car_Accident","5_Car_Accident_Car_Crash_5_610.jpg",TRUE,3,80.6666666666667
"5--Car_Accident","5_Car_Accident_Car_Crash_5_868.jpg",TRUE,2,94.5
"5--Car_Accident","5_Car_Accident_Accident_5_66.jpg",TRUE,1,57
"5--Car_Accident","5_Car_Accident_Accident_5_937.jpg",FALSE,0,NA
"5--Car_Accident","5_Car_Accident_Car_Crash_5_38.jpg",TRUE,6,32.5
"5--Car_Accident","5_Car_Accident_Accident_5_642.jpg",TRUE,2,60
"5--Car_Accident","5_Car_Accident_Car_Crash_5_574.jpg",TRUE,3,34.3333333333333
"5--Car_Accident","5_Car_Accident_Accident_5_202.jpg",FALSE,0,NA
"5--Car_Accident","5_Car_Accident_Car_Crash_5_94.jpg",TRUE,2,64.5
"5--Car_Accident","5_Car_Accident_Accident_5_925.jpg",TRUE,2,99
"5--Car_Accident","5_Car_Accident_Accident_5_668.jpg",FALSE,0,NA
"5--Car_Accident","5_Car_Accident_Car_Crash_5_773.jpg",FALSE,0,NA
"5--Car_Accident","5_Car_Accident_Accident_5_515.jpg",TRUE,3,60.3333333333333
"5--Car_Accident","5_Car_Accident_Accident_5_448.jpg",TRUE,3,45
"5--Car_Accident","5_Car_Accident_Accident_5_576.jpg",FALSE,0,NA
"5--Car_Accident","5_Car_Accident_Car_Crash_5_133.jpg",FALSE,0,NA
"5--Car_Accident","5_Car_Accident_Car_Crash_5_279.jpg",TRUE,2,39.5
"5--Car_Accident","5_Car_Accident_Accident_5_948.jpg",FALSE,0,NA
"5--Car_Accident","5_Car_Accident_Accident_5_77.jpg",TRUE,18,81.5
"5--Car_Accident","5_Car_Accident_Accident_5_474.jpg",TRUE,1,58
"5--Car_Accident","5_Car_Accident_Accident_5_34.jpg",TRUE,5,67
"5--Car_Accident","5_Car_Accident_Accident_5_287.jpg",TRUE,1,94
"5--Car_Accident","5_Car_Accident_Car_Crash_5_451.jpg",TRUE,2,32
"5--Car_Accident","5_Car_Accident_Accident_5_460.jpg",TRUE,2,63.5
"5--Car_Accident","5_Car_Accident_Accident_5_607.jpg",FALSE,0,NA
"5--Car_Accident","5_Car_Accident_Car_Crash_5_492.jpg",TRUE,2,50
"12--Group","12_Group_Team_Organized_Group_12_Group_Team_Organized_Group_12_211.jpg",TRUE,7,99
"12--Group","12_Group_Large_Group_12_Group_Large_Group_12_849.jpg",FALSE,0,NA
"12--Group","12_Group_Group_12_Group_Group_12_315.jpg",TRUE,8,97.875
"12--Group","12_Group_Group_12_Group_Group_12_434.jpg",TRUE,4,93.25
"12--Group","12_Group_Large_Group_12_Group_Large_Group_12_228.jpg",TRUE,18,84.5
"12--Group","12_Group_Team_Organized_Group_12_Group_Team_Organized_Group_12_868.jpg",TRUE,1,99
"12--Group","12_Group_Group_12_Group_Group_12_153.jpg",TRUE,4,92.75
"12--Group","12_Group_Large_Group_12_Group_Large_Group_12_557.jpg",TRUE,5,99
"12--Group","12_Group_Large_Group_12_Group_Large_Group_12_650.jpg",TRUE,4,81.5
"12--Group","12_Group_Large_Group_12_Group_Large_Group_12_550.jpg",TRUE,12,93.6666666666667
"12--Group","12_Group_Group_12_Group_Group_12_331.jpg",TRUE,6,98.8333333333333
"12--Group","12_Group_Team_Organized_Group_12_Group_Team_Organized_Group_12_602.jpg",TRUE,7,74.8571428571429
"12--Group","12_Group_Group_12_Group_Group_12_478.jpg",TRUE,6,76.3333333333333
"12--Group","12_Group_Large_Group_12_Group_Large_Group_12_212.jpg",TRUE,3,99
"12--Group","12_Group_Team_Organized_Group_12_Group_Team_Organized_Group_12_789.jpg",TRUE,4,94
"12--Group","12_Group_Large_Group_12_Group_Large_Group_12_13.jpg",TRUE,15,88.1333333333333
"12--Group","12_Group_Large_Group_12_Group_Large_Group_12_527.jpg",TRUE,5,80.6
"12--Group","12_Group_Team_Organized_Group_12_Group_Team_Organized_Group_12_186.jpg",TRUE,46,97.4782608695652
"12--Group","12_Group_Group_12_Group_Group_12_253.jpg",TRUE,5,99
"12--Group","12_Group_Group_12_Group_Group_12_218.jpg",TRUE,3,80
"12--Group","12_Group_Large_Group_12_Group_Large_Group_12_771.jpg",TRUE,6,59.6666666666667
"12--Group","12_Group_Large_Group_12_Group_Large_Group_12_15.jpg",TRUE,21,95.4285714285714
"12--Group","12_Group_Team_Organized_Group_12_Group_Team_Organized_Group_12_364.jpg",TRUE,5,84.8
"12--Group","12_Group_Team_Organized_Group_12_Group_Team_Organized_Group_12_461.jpg",TRUE,6,63.5
"12--Group","12_Group_Group_12_Group_Group_12_728.jpg",TRUE,6,99
"12--Group","12_Group_Large_Group_12_Group_Large_Group_12_607.jpg",TRUE,4,38.25
"12--Group","12_Group_Team_Organized_Group_12_Group_Team_Organized_Group_12_500.jpg",TRUE,5,98.6
"12--Group","12_Group_Large_Group_12_Group_Large_Group_12_662.jpg",TRUE,3,55
"12--Group","12_Group_Group_12_Group_Group_12_179.jpg",TRUE,12,99
"12--Group","12_Group_Team_Organized_Group_12_Group_Team_Organized_Group_12_617.jpg",TRUE,12,74.6666666666667
"12--Group","12_Group_Group_12_Group_Group_12_182.jpg",TRUE,9,99
"12--Group","12_Group_Team_Organized_Group_12_Group_Team_Organized_Group_12_270.jpg",TRUE,3,82
"12--Group","12_Group_Group_12_Group_Group_12_247.jpg",TRUE,6,92
"12--Group","12_Group_Team_Organized_Group_12_Group_Team_Organized_Group_12_850.jpg",TRUE,3,89.6666666666667
"12--Group","12_Group_Team_Organized_Group_12_Group_Team_Organized_Group_12_274.jpg",TRUE,5,99
"12--Group","12_Group_Large_Group_12_Group_Large_Group_12_162.jpg",TRUE,8,99
"12--Group","12_Group_Group_12_Group_Group_12_59.jpg",TRUE,7,73.8571428571429
"12--Group","12_Group_Team_Organized_Group_12_Group_Team_Organized_Group_12_330.jpg",TRUE,8,99
"12--Group","12_Group_Group_12_Group_Group_12_301.jpg",TRUE,5,98.6
"12--Group","12_Group_Group_12_Group_Group_12_522.jpg",TRUE,15,98.5333333333333
"14--Traffic","14_Traffic_Traffic_14_675.jpg",TRUE,3,55.6666666666667
"14--Traffic","14_Traffic_Traffic_14_267.jpg",TRUE,3,65.6666666666667
"14--Traffic","14_Traffic_Traffic_14_840.jpg",TRUE,14,75
"14--Traffic","14_Traffic_Traffic_14_380.jpg",TRUE,6,68.5
"14--Traffic","14_Traffic_Traffic_14_505.jpg",TRUE,3,70.6666666666667
"14--Traffic","14_Traffic_Traffic_14_722.jpg",TRUE,1,70
"14--Traffic","14_Traffic_Traffic_14_55.jpg",FALSE,0,NA
"14--Traffic","14_Traffic_Traffic_14_677.jpg",TRUE,4,99
"14--Traffic","14_Traffic_Traffic_14_654.jpg",TRUE,6,68.8333333333333
"14--Traffic","14_Traffic_Traffic_14_644.jpg",TRUE,6,71.1666666666667
"14--Traffic","14_Traffic_Traffic_14_850.jpg",TRUE,1,99
"14--Traffic","14_Traffic_Traffic_14_170.jpg",TRUE,1,69
"14--Traffic","14_Traffic_Traffic_14_728.jpg",TRUE,2,92
"14--Traffic","14_Traffic_Traffic_14_504.jpg",TRUE,3,79.6666666666667
"14--Traffic","14_Traffic_Traffic_14_713.jpg",TRUE,2,70.5
"14--Traffic","14_Traffic_Traffic_14_834.jpg",TRUE,2,46.5
"14--Traffic","14_Traffic_Traffic_14_443.jpg",FALSE,0,NA
"14--Traffic","14_Traffic_Traffic_14_253.jpg",TRUE,1,99
"14--Traffic","14_Traffic_Traffic_14_361.jpg",FALSE,0,NA
"20--Family_Group","20_Family_Group_Family_Group_20_326.jpg",TRUE,13,96.3846153846154
"20--Family_Group","20_Family_Group_Family_Group_20_835.jpg",TRUE,2,51.5
"20--Family_Group","20_Family_Group_Family_Group_20_255.jpg",TRUE,11,98.8181818181818
"20--Family_Group","20_Family_Group_Family_Group_20_387.jpg",TRUE,6,87.8333333333333
"20--Family_Group","20_Family_Group_Family_Group_20_453.jpg",TRUE,5,57
"20--Family_Group","20_Family_Group_Family_Group_20_799.jpg",TRUE,7,72.4285714285714
"20--Family_Group","20_Family_Group_Family_Group_20_33.jpg",TRUE,23,98.7391304347826
"20--Family_Group","20_Family_Group_Family_Group_20_556.jpg",TRUE,20,95.8
"20--Family_Group","20_Family_Group_Family_Group_20_750.jpg",TRUE,2,99
"20--Family_Group","20_Family_Group_Family_Group_20_72.jpg",TRUE,9,91.7777777777778
"20--Family_Group","20_Family_Group_Family_Group_20_843.jpg",TRUE,6,87.3333333333333
"20--Family_Group","20_Family_Group_Family_Group_20_760.jpg",TRUE,4,93
"20--Family_Group","20_Family_Group_Family_Group_20_696.jpg",TRUE,8,95.125
"20--Family_Group","20_Family_Group_Family_Group_20_109.jpg",TRUE,3,99
"20--Family_Group","20_Family_Group_Family_Group_20_540.jpg",TRUE,26,94.2307692307692
"20--Family_Group","20_Family_Group_Family_Group_20_493.jpg",TRUE,8,86.875
"20--Family_Group","20_Family_Group_Family_Group_20_374.jpg",TRUE,8,65.625
"20--Family_Group","20_Family_Group_Family_Group_20_849.jpg",TRUE,3,88.3333333333333
"20--Family_Group","20_Family_Group_Family_Group_20_277.jpg",TRUE,2,96
"20--Family_Group","20_Family_Group_Family_Group_20_739.jpg",TRUE,3,76.6666666666667
"20--Family_Group","20_Family_Group_Family_Group_20_360.jpg",TRUE,4,99
"20--Family_Group","20_Family_Group_Family_Group_20_1003.jpg",TRUE,4,99
"20--Family_Group","20_Family_Group_Family_Group_20_101.jpg",TRUE,16,95.9375
"20--Family_Group","20_Family_Group_Family_Group_20_759.jpg",TRUE,12,97.5833333333333
"20--Family_Group","20_Family_Group_Family_Group_20_730.jpg",TRUE,4,89.25
"20--Family_Group","20_Family_Group_Family_Group_20_339.jpg",TRUE,10,98.5
"20--Family_Group","20_Family_Group_Family_Group_20_282.jpg",TRUE,8,92.375
"20--Family_Group","20_Family_Group_Family_Group_20_447.jpg",TRUE,5,97.2
"20--Family_Group","20_Family_Group_Family_Group_20_108.jpg",TRUE,7,86.5714285714286
"20--Family_Group","20_Family_Group_Family_Group_20_775.jpg",TRUE,4,68.5
"20--Family_Group","20_Family_Group_Family_Group_20_27.jpg",TRUE,8,91.625
"20--Family_Group","20_Family_Group_Family_Group_20_22.jpg",TRUE,11,98.4545454545455
"20--Family_Group","20_Family_Group_Family_Group_20_427.jpg",TRUE,7,88.7142857142857
"20--Family_Group","20_Family_Group_Family_Group_20_672.jpg",TRUE,56,85.4107142857143
"20--Family_Group","20_Family_Group_Family_Group_20_663.jpg",TRUE,7,99
"20--Family_Group","20_Family_Group_Family_Group_20_272.jpg",TRUE,8,98.625
"20--Family_Group","20_Family_Group_Family_Group_20_62.jpg",TRUE,23,94.7826086956522
"20--Family_Group","20_Family_Group_Family_Group_20_1037.jpg",TRUE,5,98.8
"20--Family_Group","20_Family_Group_Family_Group_20_1015.jpg",TRUE,5,81.8
"20--Family_Group","20_Family_Group_Family_Group_20_100.jpg",TRUE,5,99
"24--Soldier_Firing","24_Soldier_Firing_Soldier_Firing_24_268.jpg",TRUE,2,69.5
"24--Soldier_Firing","24_Soldier_Firing_Soldier_Firing_24_644.jpg",TRUE,1,45
"24--Soldier_Firing","24_Soldier_Firing_Soldier_Firing_24_95.jpg",TRUE,3,71.3333333333333
"24--Soldier_Firing","24_Soldier_Firing_Soldier_Firing_24_115.jpg",TRUE,3,54
"24--Soldier_Firing","24_Soldier_Firing_Soldier_Firing_24_129.jpg",TRUE,1,29
"24--Soldier_Firing","24_Soldier_Firing_Soldier_Firing_24_887.jpg",TRUE,2,71.5
"24--Soldier_Firing","24_Soldier_Firing_Soldier_Firing_24_540.jpg",TRUE,6,45.6666666666667
"24--Soldier_Firing","24_Soldier_Firing_Soldier_Firing_24_405.jpg",TRUE,3,72.3333333333333
"24--Soldier_Firing","24_Soldier_Firing_Soldier_Firing_24_904.jpg",TRUE,1,27
"24--Soldier_Firing","24_Soldier_Firing_Soldier_Firing_24_931.jpg",TRUE,5,46.4
"24--Soldier_Firing","24_Soldier_Firing_Soldier_Firing_24_10.jpg",TRUE,1,33
"24--Soldier_Firing","24_Soldier_Firing_Soldier_Firing_24_15.jpg",TRUE,3,74.3333333333333
"24--Soldier_Firing","24_Soldier_Firing_Soldier_Firing_24_812.jpg",FALSE,0,NA
"24--Soldier_Firing","24_Soldier_Firing_Soldier_Firing_24_254.jpg",TRUE,2,58
"24--Soldier_Firing","24_Soldier_Firing_Soldier_Firing_24_431.jpg",TRUE,1,82
"24--Soldier_Firing","24_Soldier_Firing_Soldier_Firing_24_901.jpg",TRUE,5,99
"24--Soldier_Firing","24_Soldier_Firing_Soldier_Firing_24_890.jpg",TRUE,3,81.6666666666667
"24--Soldier_Firing","24_Soldier_Firing_Soldier_Firing_24_763.jpg",TRUE,4,98.25
"24--Soldier_Firing","24_Soldier_Firing_Soldier_Firing_24_691.jpg",TRUE,20,87.4
"24--Soldier_Firing","24_Soldier_Firing_Soldier_Firing_24_264.jpg",TRUE,3,81.3333333333333
"24--Soldier_Firing","24_Soldier_Firing_Soldier_Firing_24_633.jpg",FALSE,0,NA
"24--Soldier_Firing","24_Soldier_Firing_Soldier_Firing_24_1037.jpg",TRUE,1,93
"24--Soldier_Firing","24_Soldier_Firing_Soldier_Firing_24_372.jpg",FALSE,0,NA
"24--Soldier_Firing","24_Soldier_Firing_Soldier_Firing_24_368.jpg",TRUE,2,91
"24--Soldier_Firing","24_Soldier_Firing_Soldier_Firing_24_133.jpg",FALSE,0,NA
"24--Soldier_Firing","24_Soldier_Firing_Soldier_Firing_24_702.jpg",TRUE,2,99
"24--Soldier_Firing","24_Soldier_Firing_Soldier_Firing_24_601.jpg",TRUE,9,84.3333333333333
"24--Soldier_Firing","24_Soldier_Firing_Soldier_Firing_24_824.jpg",TRUE,3,83.3333333333333
"24--Soldier_Firing","24_Soldier_Firing_Soldier_Firing_24_703.jpg",TRUE,4,89.5
"24--Soldier_Firing","24_Soldier_Firing_Soldier_Firing_24_523.jpg",TRUE,1,75
"24--Soldier_Firing","24_Soldier_Firing_Soldier_Firing_24_67.jpg",TRUE,1,97
"24--Soldier_Firing","24_Soldier_Firing_Soldier_Firing_24_329.jpg",TRUE,1,69
"24--Soldier_Firing","24_Soldier_Firing_Soldier_Firing_24_281.jpg",FALSE,0,NA
"24--Soldier_Firing","24_Soldier_Firing_Soldier_Firing_24_315.jpg",TRUE,5,49.2
"28--Sports_Fan","28_Sports_Fan_Sports_Fan_28_480.jpg",TRUE,3,96.6666666666667
"28--Sports_Fan","28_Sports_Fan_Sports_Fan_28_448.jpg",TRUE,2,99
"28--Sports_Fan","28_Sports_Fan_Sports_Fan_28_124.jpg",TRUE,5,50
"28--Sports_Fan","28_Sports_Fan_Sports_Fan_28_989.jpg",TRUE,4,63.5
"28--Sports_Fan","28_Sports_Fan_Sports_Fan_28_866.jpg",TRUE,2,77.5
"28--Sports_Fan","28_Sports_Fan_Sports_Fan_28_144.jpg",TRUE,4,68.25
"28--Sports_Fan","28_Sports_Fan_Sports_Fan_28_643.jpg",TRUE,4,97.5
"28--Sports_Fan","28_Sports_Fan_Sports_Fan_28_22.jpg",TRUE,2,80.5
"28--Sports_Fan","28_Sports_Fan_Sports_Fan_28_7.jpg",TRUE,20,73.05
"28--Sports_Fan","28_Sports_Fan_Sports_Fan_28_663.jpg",TRUE,6,68.3333333333333
"28--Sports_Fan","28_Sports_Fan_Sports_Fan_28_198.jpg",TRUE,4,81.25
"28--Sports_Fan","28_Sports_Fan_Sports_Fan_28_265.jpg",TRUE,2,99.5
"28--Sports_Fan","28_Sports_Fan_Sports_Fan_28_880.jpg",TRUE,3,61
"28--Sports_Fan","28_Sports_Fan_Sports_Fan_28_327.jpg",TRUE,6,81.1666666666667
"28--Sports_Fan","28_Sports_Fan_Sports_Fan_28_826.jpg",TRUE,2,62.5
"28--Sports_Fan","28_Sports_Fan_Sports_Fan_28_282.jpg",TRUE,1,94
"28--Sports_Fan","28_Sports_Fan_Sports_Fan_28_656.jpg",TRUE,3,65
"28--Sports_Fan","28_Sports_Fan_Sports_Fan_28_118.jpg",TRUE,7,78.8571428571429
"28--Sports_Fan","28_Sports_Fan_Sports_Fan_28_751.jpg",TRUE,4,89.5
"28--Sports_Fan","28_Sports_Fan_Sports_Fan_28_959.jpg",TRUE,3,95.6666666666667
"28--Sports_Fan","28_Sports_Fan_Sports_Fan_28_697.jpg",TRUE,10,59.9
"28--Sports_Fan","28_Sports_Fan_Sports_Fan_28_126.jpg",TRUE,4,83
"28--Sports_Fan","28_Sports_Fan_Sports_Fan_28_862.jpg",TRUE,2,96.5
"28--Sports_Fan","28_Sports_Fan_Sports_Fan_28_130.jpg",TRUE,3,84
"28--Sports_Fan","28_Sports_Fan_Sports_Fan_28_711.jpg",TRUE,2,37.5
"28--Sports_Fan","28_Sports_Fan_Sports_Fan_28_557.jpg",TRUE,2,63
"28--Sports_Fan","28_Sports_Fan_Sports_Fan_28_770.jpg",TRUE,1,99
"28--Sports_Fan","28_Sports_Fan_Sports_Fan_28_1018.jpg",TRUE,6,62.1666666666667
"28--Sports_Fan","28_Sports_Fan_Sports_Fan_28_723.jpg",TRUE,3,77
"28--Sports_Fan","28_Sports_Fan_Sports_Fan_28_535.jpg",TRUE,4,87.75
"28--Sports_Fan","28_Sports_Fan_Sports_Fan_28_683.jpg",TRUE,1,100
"28--Sports_Fan","28_Sports_Fan_Sports_Fan_28_590.jpg",TRUE,3,71
"28--Sports_Fan","28_Sports_Fan_Sports_Fan_28_165.jpg",TRUE,4,97.25
"28--Sports_Fan","28_Sports_Fan_Sports_Fan_28_507.jpg",TRUE,4,99
"28--Sports_Fan","28_Sports_Fan_Sports_Fan_28_792.jpg",TRUE,2,72
"28--Sports_Fan","28_Sports_Fan_Sports_Fan_28_835.jpg",TRUE,4,81.75
"28--Sports_Fan","28_Sports_Fan_Sports_Fan_28_868.jpg",TRUE,2,66
"28--Sports_Fan","28_Sports_Fan_Sports_Fan_28_244.jpg",TRUE,2,78.5
"28--Sports_Fan","28_Sports_Fan_Sports_Fan_28_357.jpg",TRUE,1,99
"28--Sports_Fan","28_Sports_Fan_Sports_Fan_28_877.jpg",TRUE,1,99
"34--Baseball","34_Baseball_Baseball_34_350.jpg",TRUE,1,27
"34--Baseball","34_Baseball_Baseball_34_143.jpg",FALSE,0,NA
"34--Baseball","34_Baseball_Baseball_34_895.jpg",TRUE,2,77
"34--Baseball","34_Baseball_Baseball_34_886.jpg",TRUE,1,99
"34--Baseball","34_Baseball_Baseball_34_171.jpg",TRUE,3,59.6666666666667
"34--Baseball","34_Baseball_Baseball_34_622.jpg",TRUE,4,41.25
"34--Baseball","34_Baseball_Baseball_34_867.jpg",TRUE,3,59
"34--Baseball","34_Baseball_Baseball_34_356.jpg",TRUE,7,69.8571428571429
"34--Baseball","34_Baseball_Baseball_34_127.jpg",TRUE,1,99
"34--Baseball","34_Baseball_Baseball_34_828.jpg",TRUE,4,85.25
"34--Baseball","34_Baseball_Baseball_34_756.jpg",FALSE,0,NA
"34--Baseball","34_Baseball_Baseball_34_829.jpg",TRUE,1,99
"34--Baseball","34_Baseball_Baseball_34_73.jpg",TRUE,1,99
"34--Baseball","34_Baseball_Baseball_34_391.jpg",TRUE,2,65
"34--Baseball","34_Baseball_Baseball_34_580.jpg",TRUE,4,48
"34--Baseball","34_Baseball_Baseball_34_436.jpg",TRUE,1,99
"34--Baseball","34_Baseball_Baseball_34_66.jpg",TRUE,4,91.75
"34--Baseball","34_Baseball_Baseball_34_164.jpg",FALSE,0,NA
"34--Baseball","34_Baseball_Baseball_34_667.jpg",TRUE,7,62.8571428571429
"34--Baseball","34_Baseball_Baseball_34_560.jpg",TRUE,4,59.25
"34--Baseball","34_Baseball_Baseball_34_585.jpg",TRUE,3,74.3333333333333
"34--Baseball","34_Baseball_Baseball_34_16.jpg",TRUE,1,28
"34--Baseball","34_Baseball_Baseball_34_600.jpg",TRUE,3,95.3333333333333
"34--Baseball","34_Baseball_Baseball_34_608.jpg",TRUE,3,76
"42--Car_Racing","42_Car_Racing_Nascar_42_442.jpg",TRUE,4,97.75
"42--Car_Racing","42_Car_Racing_Car_Racing_42_263.jpg",TRUE,5,98.6
"42--Car_Racing","42_Car_Racing_Car_Racing_42_600.jpg",TRUE,2,70
"42--Car_Racing","42_Car_Racing_Nascar_42_482.jpg",TRUE,1,99
"42--Car_Racing","42_Car_Racing_Car_Racing_42_1045.jpg",TRUE,2,99
"42--Car_Racing","42_Car_Racing_Nascar_42_468.jpg",TRUE,2,81.5
"42--Car_Racing","42_Car_Racing_Car_Racing_42_602.jpg",FALSE,0,NA
"42--Car_Racing","42_Car_Racing_Nascar_42_462.jpg",TRUE,1,98
"42--Car_Racing","42_Car_Racing_Nascar_42_900.jpg",TRUE,1,86
"42--Car_Racing","42_Car_Racing_Car_Racing_42_906.jpg",TRUE,12,93.3333333333333
"42--Car_Racing","42_Car_Racing_Car_Racing_42_939.jpg",TRUE,1,94
"42--Car_Racing","42_Car_Racing_Car_Racing_42_743.jpg",TRUE,1,61
"42--Car_Racing","42_Car_Racing_Nascar_42_440.jpg",TRUE,1,79
"42--Car_Racing","42_Car_Racing_Nascar_42_650.jpg",TRUE,3,68.6666666666667
"42--Car_Racing","42_Car_Racing_Nascar_42_823.jpg",TRUE,2,34
"42--Car_Racing","42_Car_Racing_Nascar_42_922.jpg",TRUE,3,99
"42--Car_Racing","42_Car_Racing_Nascar_42_661.jpg",TRUE,3,57.3333333333333
"42--Car_Racing","42_Car_Racing_Nascar_42_911.jpg",TRUE,1,99
"42--Car_Racing","42_Car_Racing_Car_Racing_42_857.jpg",TRUE,1,93
"42--Car_Racing","42_Car_Racing_Nascar_42_828.jpg",TRUE,5,73.4
"47--Matador_Bullfighter","47_Matador_Bullfighter_Matador_Bullfighter_47_354.jpg",TRUE,1,89
"47--Matador_Bullfighter","47_Matador_Bullfighter_matadorbullfighting_47_511.jpg",TRUE,4,49.75
"47--Matador_Bullfighter","47_Matador_Bullfighter_matadorbullfighting_47_710.jpg",TRUE,4,44.5
"47--Matador_Bullfighter","47_Matador_Bullfighter_matadorbullfighting_47_777.jpg",TRUE,2,65.5
"47--Matador_Bullfighter","47_Matador_Bullfighter_Matador_Bullfighter_47_610.jpg",TRUE,4,45
"47--Matador_Bullfighter","47_Matador_Bullfighter_matadorbullfighting_47_266.jpg",TRUE,1,95
"47--Matador_Bullfighter","47_Matador_Bullfighter_Matador_Bullfighter_47_432.jpg",TRUE,1,33
"47--Matador_Bullfighter","47_Matador_Bullfighter_Matador_Bullfighter_47_196.jpg",TRUE,1,99
"47--Matador_Bullfighter","47_Matador_Bullfighter_matadorbullfighting_47_19.jpg",TRUE,3,78.6666666666667
"47--Matador_Bullfighter","47_Matador_Bullfighter_matadorbullfighting_47_657.jpg",TRUE,2,99
"47--Matador_Bullfighter","47_Matador_Bullfighter_matadorbullfighting_47_731.jpg",TRUE,11,47.3636363636364
"47--Matador_Bullfighter","47_Matador_Bullfighter_matadorbullfighting_47_561.jpg",TRUE,3,81.3333333333333
"47--Matador_Bullfighter","47_Matador_Bullfighter_Matador_Bullfighter_47_385.jpg",TRUE,3,74.3333333333333
"47--Matador_Bullfighter","47_Matador_Bullfighter_Matador_Bullfighter_47_171.jpg",TRUE,3,70.6666666666667
"47--Matador_Bullfighter","47_Matador_Bullfighter_Matador_Bullfighter_47_631.jpg",TRUE,1,97
"47--Matador_Bullfighter","47_Matador_Bullfighter_Matador_Bullfighter_47_338.jpg",TRUE,1,99
"47--Matador_Bullfighter","47_Matador_Bullfighter_matadorbullfighting_47_746.jpg",TRUE,1,99
"47--Matador_Bullfighter","47_Matador_Bullfighter_Matador_Bullfighter_47_193.jpg",FALSE,0,NA
"47--Matador_Bullfighter","47_Matador_Bullfighter_Matador_Bullfighter_47_874.jpg",TRUE,4,68.25
"47--Matador_Bullfighter","47_Matador_Bullfighter_matadorbullfighting_47_645.jpg",TRUE,5,92.4
"47--Matador_Bullfighter","47_Matador_Bullfighter_matadorbullfighting_47_845.jpg",TRUE,2,91
"47--Matador_Bullfighter","47_Matador_Bullfighter_matadorbullfighting_47_812.jpg",TRUE,3,61
"47--Matador_Bullfighter","47_Matador_Bullfighter_Matador_Bullfighter_47_827.jpg",TRUE,1,99
"47--Matador_Bullfighter","47_Matador_Bullfighter_Matador_Bullfighter_47_782.jpg",TRUE,2,82.5
"47--Matador_Bullfighter","47_Matador_Bullfighter_Matador_Bullfighter_47_715.jpg",TRUE,1,77
"47--Matador_Bullfighter","47_Matador_Bullfighter_matadorbullfighting_47_38.jpg",FALSE,0,NA
"47--Matador_Bullfighter","47_Matador_Bullfighter_Matador_Bullfighter_47_912.jpg",TRUE,15,53.4
"47--Matador_Bullfighter","47_Matador_Bullfighter_Matador_Bullfighter_47_575.jpg",TRUE,1,99
"47--Matador_Bullfighter","47_Matador_Bullfighter_Matador_Bullfighter_47_468.jpg",TRUE,1,99
"47--Matador_Bullfighter","47_Matador_Bullfighter_matadorbullfighting_47_778.jpg",TRUE,1,99
"47--Matador_Bullfighter","47_Matador_Bullfighter_matadorbullfighting_47_779.jpg",TRUE,3,95.6666666666667
"47--Matador_Bullfighter","47_Matador_Bullfighter_Matador_Bullfighter_47_617.jpg",TRUE,7,67.1428571428571
"47--Matador_Bullfighter","47_Matador_Bullfighter_matadorbullfighting_47_240.jpg",TRUE,3,80
"47--Matador_Bullfighter","47_Matador_Bullfighter_matadorbullfighting_47_837.jpg",TRUE,3,73.6666666666667
"47--Matador_Bullfighter","47_Matador_Bullfighter_Matador_Bullfighter_47_636.jpg",TRUE,2,45
"47--Matador_Bullfighter","47_Matador_Bullfighter_Matador_Bullfighter_47_583.jpg",TRUE,2,69.5
"47--Matador_Bullfighter","47_Matador_Bullfighter_matadorbullfighting_47_660.jpg",TRUE,3,70
"47--Matador_Bullfighter","47_Matador_Bullfighter_Matador_Bullfighter_47_566.jpg",TRUE,1,99
"47--Matador_Bullfighter","47_Matador_Bullfighter_matadorbullfighting_47_177.jpg",TRUE,1,87
"47--Matador_Bullfighter","47_Matador_Bullfighter_Matador_Bullfighter_47_195.jpg",TRUE,7,98.2857142857143
"50--Celebration_Or_Party","50_Celebration_Or_Party_houseparty_50_609.jpg",TRUE,8,76.125
"50--Celebration_Or_Party","50_Celebration_Or_Party_houseparty_50_408.jpg",TRUE,2,100
"50--Celebration_Or_Party","50_Celebration_Or_Party_houseparty_50_764.jpg",TRUE,1,99
"50--Celebration_Or_Party","50_Celebration_Or_Party_houseparty_50_326.jpg",TRUE,5,74.2
"50--Celebration_Or_Party","50_Celebration_Or_Party_houseparty_50_595.jpg",TRUE,3,75.6666666666667
"50--Celebration_Or_Party","50_Celebration_Or_Party_houseparty_50_645.jpg",FALSE,0,NA
"50--Celebration_Or_Party","50_Celebration_Or_Party_houseparty_50_720.jpg",TRUE,4,84.25
"50--Celebration_Or_Party","50_Celebration_Or_Party_houseparty_50_17.jpg",TRUE,12,94.0833333333333
"50--Celebration_Or_Party","50_Celebration_Or_Party_birthdayparty_50_196.jpg",TRUE,5,74.4
"50--Celebration_Or_Party","50_Celebration_Or_Party_houseparty_50_641.jpg",TRUE,1,100
"50--Celebration_Or_Party","50_Celebration_Or_Party_birthdayparty_50_449.jpg",TRUE,6,86.6666666666667
"50--Celebration_Or_Party","50_Celebration_Or_Party_houseparty_50_323.jpg",TRUE,4,65.25
"50--Celebration_Or_Party","50_Celebration_Or_Party_birthdayparty_50_479.jpg",TRUE,2,77
"50--Celebration_Or_Party","50_Celebration_Or_Party_birthdayparty_50_18.jpg",TRUE,7,77.4285714285714
"50--Celebration_Or_Party","50_Celebration_Or_Party_houseparty_50_749.jpg",TRUE,3,55.6666666666667
"50--Celebration_Or_Party","50_Celebration_Or_Party_houseparty_50_752.jpg",TRUE,3,94.3333333333333
"50--Celebration_Or_Party","50_Celebration_Or_Party_houseparty_50_788.jpg",TRUE,4,66.25
"50--Celebration_Or_Party","50_Celebration_Or_Party_birthdayparty_50_213.jpg",TRUE,6,98.5
"50--Celebration_Or_Party","50_Celebration_Or_Party_houseparty_50_715.jpg",TRUE,1,34
"50--Celebration_Or_Party","50_Celebration_Or_Party_birthdayparty_50_75.jpg",TRUE,9,86.5555555555556
"50--Celebration_Or_Party","50_Celebration_Or_Party_birthdayparty_50_43.jpg",TRUE,14,98.4285714285714
"50--Celebration_Or_Party","50_Celebration_Or_Party_birthdayparty_50_283.jpg",TRUE,11,86.5454545454545
"50--Celebration_Or_Party","50_Celebration_Or_Party_birthdayparty_50_170.jpg",TRUE,3,60.3333333333333
"50--Celebration_Or_Party","50_Celebration_Or_Party_houseparty_50_19.jpg",TRUE,4,77.75
"50--Celebration_Or_Party","50_Celebration_Or_Party_houseparty_50_33.jpg",TRUE,2,97.5
"50--Celebration_Or_Party","50_Celebration_Or_Party_birthdayparty_50_464.jpg",TRUE,1,99
"50--Celebration_Or_Party","50_Celebration_Or_Party_houseparty_50_173.jpg",TRUE,4,71.75
"50--Celebration_Or_Party","50_Celebration_Or_Party_houseparty_50_345.jpg",TRUE,3,93.3333333333333
"50--Celebration_Or_Party","50_Celebration_Or_Party_birthdayparty_50_396.jpg",TRUE,7,86.8571428571429
"50--Celebration_Or_Party","50_Celebration_Or_Party_houseparty_50_790.jpg",TRUE,4,53.25
"50--Celebration_Or_Party","50_Celebration_Or_Party_houseparty_50_303.jpg",TRUE,3,99
"50--Celebration_Or_Party","50_Celebration_Or_Party_houseparty_50_410.jpg",TRUE,2,73.5
"50--Celebration_Or_Party","50_Celebration_Or_Party_birthdayparty_50_249.jpg",TRUE,6,91.8333333333333
"50--Celebration_Or_Party","50_Celebration_Or_Party_birthdayparty_50_144.jpg",TRUE,3,98
"50--Celebration_Or_Party","50_Celebration_Or_Party_houseparty_50_827.jpg",TRUE,4,89.75
"50--Celebration_Or_Party","50_Celebration_Or_Party_houseparty_50_493.jpg",TRUE,1,98
"50--Celebration_Or_Party","50_Celebration_Or_Party_houseparty_50_647.jpg",TRUE,4,67.5
"50--Celebration_Or_Party","50_Celebration_Or_Party_houseparty_50_282.jpg",TRUE,6,87.6666666666667
"50--Celebration_Or_Party","50_Celebration_Or_Party_birthdayparty_50_134.jpg",TRUE,1,97
"50--Celebration_Or_Party","50_Celebration_Or_Party_houseparty_50_679.jpg",TRUE,5,88.6
"53--Raid","53_Raid_policeraid_53_829.jpg",FALSE,0,NA
"53--Raid","53_Raid_policeraid_53_696.jpg",FALSE,0,NA
"53--Raid","53_Raid_policeraid_53_92.jpg",TRUE,2,84
"53--Raid","53_Raid_policeraid_53_599.jpg",TRUE,5,59
"53--Raid","53_Raid_policeraid_53_574.jpg",TRUE,3,86
"53--Raid","53_Raid_policeraid_53_212.jpg",TRUE,4,83.75
"53--Raid","53_Raid_policeraid_53_385.jpg",TRUE,5,72.6
"53--Raid","53_Raid_policeraid_53_54.jpg",TRUE,3,78
"53--Raid","53_Raid_policeraid_53_208.jpg",TRUE,8,98.25
"53--Raid","53_Raid_policeraid_53_458.jpg",TRUE,1,99
"53--Raid","53_Raid_policeraid_53_471.jpg",TRUE,2,76
"53--Raid","53_Raid_policeraid_53_256.jpg",TRUE,3,80
"53--Raid","53_Raid_policeraid_53_619.jpg",TRUE,4,99
"53--Raid","53_Raid_policeraid_53_396.jpg",TRUE,3,95.6666666666667
"53--Raid","53_Raid_policeraid_53_14.jpg",TRUE,4,93.75
"53--Raid","53_Raid_policeraid_53_47.jpg",TRUE,2,98
"53--Raid","53_Raid_policeraid_53_543.jpg",TRUE,4,68.5
"53--Raid","53_Raid_policeraid_53_107.jpg",TRUE,2,34.5
"53--Raid","53_Raid_policeraid_53_6.jpg",TRUE,2,44.5
"53--Raid","53_Raid_policeraid_53_854.jpg",TRUE,1,76
"53--Raid","53_Raid_policeraid_53_674.jpg",TRUE,4,67.5
"53--Raid","53_Raid_policeraid_53_770.jpg",TRUE,2,91
"53--Raid","53_Raid_policeraid_53_860.jpg",TRUE,6,61.3333333333333
"53--Raid","53_Raid_policeraid_53_171.jpg",TRUE,3,58.3333333333333
"53--Raid","53_Raid_policeraid_53_280.jpg",TRUE,3,49
"53--Raid","53_Raid_policeraid_53_827.jpg",TRUE,3,85
"53--Raid","53_Raid_policeraid_53_43.jpg",TRUE,5,80.6
"53--Raid","53_Raid_policeraid_53_340.jpg",TRUE,2,86
"53--Raid","53_Raid_policeraid_53_445.jpg",TRUE,2,73
"53--Raid","53_Raid_policeraid_53_736.jpg",TRUE,2,63
"53--Raid","53_Raid_policeraid_53_364.jpg",TRUE,7,78.5714285714286
"53--Raid","53_Raid_policeraid_53_858.jpg",TRUE,5,85.8
"53--Raid","53_Raid_policeraid_53_805.jpg",TRUE,2,63.5
"53--Raid","53_Raid_policeraid_53_928.jpg",TRUE,1,98
"53--Raid","53_Raid_policeraid_53_207.jpg",FALSE,0,NA
"53--Raid","53_Raid_policeraid_53_438.jpg",TRUE,1,99
"53--Raid","53_Raid_policeraid_53_368.jpg",TRUE,4,65
"53--Raid","53_Raid_policeraid_53_686.jpg",TRUE,5,65.8
"53--Raid","53_Raid_policeraid_53_555.jpg",TRUE,3,56.6666666666667
"53--Raid","53_Raid_policeraid_53_597.jpg",TRUE,3,91.3333333333333
"54--Rescue","54_Rescue_firemanrescue_54_789.jpg",TRUE,1,99
"54--Rescue","54_Rescue_rescuepeople_54_328.jpg",TRUE,2,82.5
"54--Rescue","54_Rescue_firemanrescue_54_420.jpg",TRUE,2,67.5
"54--Rescue","54_Rescue_firemanrescue_54_103.jpg",TRUE,3,70.3333333333333
"54--Rescue","54_Rescue_rescuepeople_54_926.jpg",TRUE,3,99
"54--Rescue","54_Rescue_firemanrescue_54_939.jpg",TRUE,3,54.3333333333333
"54--Rescue","54_Rescue_firemanrescue_54_969.jpg",FALSE,0,NA
"54--Rescue","54_Rescue_rescuepeople_54_817.jpg",TRUE,6,45.8333333333333
"54--Rescue","54_Rescue_rescuepeople_54_526.jpg",TRUE,3,65.3333333333333
"54--Rescue","54_Rescue_rescuepeople_54_325.jpg",TRUE,3,60.3333333333333
"54--Rescue","54_Rescue_rescuepeople_54_431.jpg",TRUE,21,66.0476190476191
"54--Rescue","54_Rescue_rescuepeople_54_1006.jpg",TRUE,4,97.75
"54--Rescue","54_Rescue_rescuepeople_54_602.jpg",TRUE,5,99
"54--Rescue","54_Rescue_rescuepeople_54_1049.jpg",TRUE,5,83.2
"54--Rescue","54_Rescue_rescuepeople_54_860.jpg",TRUE,6,62.5
"54--Rescue","54_Rescue_rescuepeople_54_335.jpg",TRUE,3,98.3333333333333
"54--Rescue","54_Rescue_rescuepeople_54_188.jpg",TRUE,4,70.25
"54--Rescue","54_Rescue_rescuepeople_54_158.jpg",TRUE,2,82.5
"54--Rescue","54_Rescue_firemanrescue_54_153.jpg",TRUE,2,79
"54--Rescue","54_Rescue_rescuepeople_54_254.jpg",TRUE,4,80.25
"54--Rescue","54_Rescue_firemanrescue_54_724.jpg",FALSE,0,NA
"54--Rescue","54_Rescue_rescuepeople_54_102.jpg",TRUE,3,29.3333333333333
"54--Rescue","54_Rescue_rescuepeople_54_774.jpg",TRUE,5,99
"54--Rescue","54_Rescue_firemanrescue_54_327.jpg",TRUE,1,99
"54--Rescue","54_Rescue_rescuepeople_54_135.jpg",TRUE,2,69
"54--Rescue","54_Rescue_firemanrescue_54_458.jpg",TRUE,2,98
"54--Rescue","54_Rescue_rescuepeople_54_191.jpg",TRUE,5,77.4
"54--Rescue","54_Rescue_rescuepeople_54_8.jpg",TRUE,2,98
"54--Rescue","54_Rescue_rescuepeople_54_208.jpg",TRUE,1,52
"54--Rescue","54_Rescue_rescuepeople_54_924.jpg",FALSE,0,NA
"54--Rescue","54_Rescue_firemanrescue_54_478.jpg",TRUE,2,67
"54--Rescue","54_Rescue_rescuepeople_54_406.jpg",TRUE,1,86
"54--Rescue","54_Rescue_rescuepeople_54_143.jpg",TRUE,1,99
"54--Rescue","54_Rescue_rescuepeople_54_777.jpg",TRUE,5,91.4
"54--Rescue","54_Rescue_rescuepeople_54_711.jpg",FALSE,0,NA
"54--Rescue","54_Rescue_rescuepeople_54_222.jpg",TRUE,7,89.1428571428571
"54--Rescue","54_Rescue_rescuepeople_54_855.jpg",TRUE,3,90.3333333333333
"54--Rescue","54_Rescue_firemanrescue_54_814.jpg",TRUE,2,63.5
"54--Rescue","54_Rescue_rescuepeople_54_840.jpg",TRUE,2,54.5
"54--Rescue","54_Rescue_rescuepeople_54_1035.jpg",TRUE,5,60.8
"56--Voter","56_Voter_peoplevoting_56_344.jpg",TRUE,9,86.7777777777778
"56--Voter","56_Voter_peoplevoting_56_260.jpg",TRUE,12,76.3333333333333
"56--Voter","56_Voter_peoplevoting_56_712.jpg",TRUE,1,99
"56--Voter","56_Voter_peoplevoting_56_579.jpg",TRUE,2,71.5
"56--Voter","56_Voter_peoplevoting_56_620.jpg",TRUE,3,62.3333333333333
"56--Voter","56_Voter_peoplevoting_56_110.jpg",TRUE,2,88
"56--Voter","56_Voter_peoplevoting_56_378.jpg",TRUE,3,52
"56--Voter","56_Voter_peoplevoting_56_777.jpg",FALSE,0,NA
"56--Voter","56_Voter_peoplevoting_56_459.jpg",TRUE,5,80.6
"56--Voter","56_Voter_peoplevoting_56_714.jpg",TRUE,6,51.3333333333333
"56--Voter","56_Voter_peoplevoting_56_268.jpg",TRUE,6,70.5
"56--Voter","56_Voter_peoplevoting_56_887.jpg",TRUE,1,99
"56--Voter","56_Voter_peoplevoting_56_350.jpg",TRUE,5,39.6
"56--Voter","56_Voter_peoplevoting_56_323.jpg",TRUE,1,99
"56--Voter","56_Voter_peoplevoting_56_370.jpg",TRUE,6,64
"56--Voter","56_Voter_peoplevoting_56_663.jpg",TRUE,4,90.25
"56--Voter","56_Voter_peoplevoting_56_21.jpg",TRUE,2,92.5
"56--Voter","56_Voter_peoplevoting_56_118.jpg",TRUE,5,70.2
"56--Voter","56_Voter_peoplevoting_56_644.jpg",TRUE,2,99
"56--Voter","56_Voter_peoplevoting_56_531.jpg",TRUE,1,99
"56--Voter","56_Voter_peoplevoting_56_641.jpg",TRUE,2,66.5
"56--Voter","56_Voter_peoplevoting_56_558.jpg",TRUE,2,93.5
"56--Voter","56_Voter_peoplevoting_56_460.jpg",FALSE,0,NA
"56--Voter","56_Voter_peoplevoting_56_842.jpg",TRUE,4,58.75
"56--Voter","56_Voter_peoplevoting_56_782.jpg",TRUE,3,81.3333333333333
"56--Voter","56_Voter_peoplevoting_56_410.jpg",TRUE,3,65.3333333333333
"56--Voter","56_Voter_peoplevoting_56_305.jpg",TRUE,3,58.6666666666667
"56--Voter","56_Voter_peoplevoting_56_874.jpg",TRUE,4,76
"56--Voter","56_Voter_peoplevoting_56_1046.jpg",TRUE,1,99
"56--Voter","56_Voter_peoplevoting_56_528.jpg",TRUE,7,51.4285714285714
"56--Voter","56_Voter_peoplevoting_56_339.jpg",TRUE,2,73
"56--Voter","56_Voter_peoplevoting_56_819.jpg",TRUE,8,98.75
"56--Voter","56_Voter_peoplevoting_56_873.jpg",TRUE,3,51
"56--Voter","56_Voter_peoplevoting_56_140.jpg",TRUE,1,100
"56--Voter","56_Voter_peoplevoting_56_946.jpg",TRUE,5,80.8
"56--Voter","56_Voter_peoplevoting_56_1011.jpg",TRUE,5,79.6
"56--Voter","56_Voter_peoplevoting_56_441.jpg",TRUE,2,62
"56--Voter","56_Voter_peoplevoting_56_103.jpg",TRUE,10,52.8
"56--Voter","56_Voter_peoplevoting_56_228.jpg",TRUE,7,71.4285714285714
"56--Voter","56_Voter_peoplevoting_56_764.jpg",TRUE,1,79
"58--Hockey","58_Hockey_icehockey_puck_58_221.jpg",TRUE,11,61.2727272727273
"58--Hockey","58_Hockey_icehockey_puck_58_467.jpg",TRUE,1,99
"58--Hockey","58_Hockey_icehockey_puck_58_507.jpg",TRUE,3,78.6666666666667
"58--Hockey","58_Hockey_icehockey_puck_58_431.jpg",TRUE,1,99
"58--Hockey","58_Hockey_icehockey_puck_58_895.jpg",TRUE,4,49.25
"58--Hockey","58_Hockey_icehockey_puck_58_553.jpg",TRUE,1,83
"58--Hockey","58_Hockey_icehockey_puck_58_244.jpg",TRUE,16,98.625
"58--Hockey","58_Hockey_icehockey_puck_58_692.jpg",TRUE,1,98
"58--Hockey","58_Hockey_icehockey_puck_58_113.jpg",TRUE,3,56.3333333333333
"58--Hockey","58_Hockey_icehockey_puck_58_592.jpg",TRUE,2,46.5
"58--Hockey","58_Hockey_icehockey_puck_58_753.jpg",TRUE,1,36
"58--Hockey","58_Hockey_icehockey_puck_58_475.jpg",TRUE,2,57
"58--Hockey","58_Hockey_icehockey_puck_58_455.jpg",TRUE,1,99
"58--Hockey","58_Hockey_icehockey_puck_58_182.jpg",TRUE,4,62.25
"58--Hockey","58_Hockey_icehockey_puck_58_403.jpg",FALSE,0,NA
"58--Hockey","58_Hockey_icehockey_puck_58_940.jpg",TRUE,1,98
"58--Hockey","58_Hockey_icehockey_puck_58_330.jpg",TRUE,2,97.5
"58--Hockey","58_Hockey_icehockey_puck_58_926.jpg",TRUE,7,71
"58--Hockey","58_Hockey_icehockey_puck_58_94.jpg",TRUE,7,83.8571428571429
"58--Hockey","58_Hockey_icehockey_puck_58_248.jpg",TRUE,3,51.6666666666667
"58--Hockey","58_Hockey_icehockey_puck_58_653.jpg",TRUE,5,98.8
"58--Hockey","58_Hockey_icehockey_puck_58_365.jpg",TRUE,3,76
"58--Hockey","58_Hockey_icehockey_puck_58_715.jpg",TRUE,1,99
"58--Hockey","58_Hockey_icehockey_puck_58_785.jpg",TRUE,17,93.7058823529412
"58--Hockey","58_Hockey_icehockey_puck_58_290.jpg",TRUE,14,71.6428571428571
"58--Hockey","58_Hockey_icehockey_puck_58_531.jpg",TRUE,5,43.6
"58--Hockey","58_Hockey_icehockey_puck_58_671.jpg",TRUE,2,76
"58--Hockey","58_Hockey_icehockey_puck_58_212.jpg",TRUE,3,53
"58--Hockey","58_Hockey_icehockey_puck_58_697.jpg",TRUE,1,99
"58--Hockey","58_Hockey_icehockey_puck_58_655.jpg",TRUE,3,83.3333333333333
"58--Hockey","58_Hockey_icehockey_puck_58_384.jpg",TRUE,6,64
"58--Hockey","58_Hockey_icehockey_puck_58_469.jpg",TRUE,6,47.8333333333333
"58--Hockey","58_Hockey_icehockey_puck_58_17.jpg",TRUE,8,80.625
"58--Hockey","58_Hockey_icehockey_puck_58_184.jpg",TRUE,3,73.3333333333333
"58--Hockey","58_Hockey_icehockey_puck_58_404.jpg",TRUE,1,99
"58--Hockey","58_Hockey_icehockey_puck_58_493.jpg",TRUE,12,83.0833333333333
"58--Hockey","58_Hockey_icehockey_puck_58_262.jpg",TRUE,4,55
"58--Hockey","58_Hockey_icehockey_puck_58_825.jpg",TRUE,22,98.9545454545455
"58--Hockey","58_Hockey_icehockey_puck_58_835.jpg",TRUE,23,83.8695652173913
"58--Hockey","58_Hockey_icehockey_puck_58_245.jpg",TRUE,24,97.1666666666667
"61--Street_Battle","61_Street_Battle_streetfight_61_158.jpg",TRUE,5,74
"61--Street_Battle","61_Street_Battle_streetfight_61_640.jpg",TRUE,3,34
"61--Street_Battle","61_Street_Battle_streetfight_61_430.jpg",TRUE,9,76.5555555555556
"61--Street_Battle","61_Street_Battle_streetfight_61_606.jpg",TRUE,6,91.3333333333333
"61--Street_Battle","61_Street_Battle_streetfight_61_521.jpg",TRUE,1,99
"61--Street_Battle","61_Street_Battle_streetfight_61_155.jpg",TRUE,1,81
"61--Street_Battle","61_Street_Battle_streetfight_61_162.jpg",TRUE,5,97
"61--Street_Battle","61_Street_Battle_streetfight_61_276.jpg",TRUE,21,78.5238095238095
"61--Street_Battle","61_Street_Battle_streetfight_61_907.jpg",TRUE,4,80.25
"61--Street_Battle","61_Street_Battle_streetfight_61_558.jpg",TRUE,2,96.5
"61--Street_Battle","61_Street_Battle_streetfight_61_22.jpg",TRUE,2,96.5
"61--Street_Battle","61_Street_Battle_streetfight_61_407.jpg",TRUE,1,99
"61--Street_Battle","61_Street_Battle_streetfight_61_395.jpg",TRUE,4,63.5
"61--Street_Battle","61_Street_Battle_streetfight_61_665.jpg",TRUE,8,89.5
"61--Street_Battle","61_Street_Battle_streetfight_61_211.jpg",TRUE,12,68.0833333333333
"61--Street_Battle","61_Street_Battle_streetfight_61_432.jpg",TRUE,23,76.8260869565217
"61--Street_Battle","61_Street_Battle_streetfight_61_936.jpg",TRUE,1,92
"61--Street_Battle","61_Street_Battle_streetfight_61_767.jpg",TRUE,2,92.5
"61--Street_Battle","61_Street_Battle_streetfight_61_815.jpg",TRUE,3,85.3333333333333
"61--Street_Battle","61_Street_Battle_streetfight_61_179.jpg",TRUE,3,64
"61--Street_Battle","61_Street_Battle_streetfight_61_282.jpg",TRUE,9,91
"61--Street_Battle","61_Street_Battle_streetfight_61_350.jpg",TRUE,3,77
"61--Street_Battle","61_Street_Battle_streetfight_61_50.jpg",TRUE,1,80
"61--Street_Battle","61_Street_Battle_streetfight_61_703.jpg",TRUE,1,99
"61--Street_Battle","61_Street_Battle_streetfight_61_344.jpg",TRUE,2,64.5
"61--Street_Battle","61_Street_Battle_streetfight_61_123.jpg",TRUE,3,74
"61--Street_Battle","61_Street_Battle_streetfight_61_4.jpg",TRUE,3,86
"61--Street_Battle","61_Street_Battle_streetfight_61_375.jpg",TRUE,1,99
"61--Street_Battle","61_Street_Battle_streetfight_61_546.jpg",TRUE,2,68
"61--Street_Battle","61_Street_Battle_streetfight_61_913.jpg",TRUE,2,54
"61--Street_Battle","61_Street_Battle_streetfight_61_12.jpg",TRUE,9,90.4444444444444
"61--Street_Battle","61_Street_Battle_streetfight_61_212.jpg",TRUE,4,84.25
"2--Demonstration","2_Demonstration_Political_Rally_2_341.jpg",TRUE,1,31
"2--Demonstration","2_Demonstration_Demonstrators_2_517.jpg",TRUE,15,80.1333333333333
"2--Demonstration","2_Demonstration_Protesters_2_131.jpg",TRUE,4,59.5
"2--Demonstration","2_Demonstration_Protesters_2_351.jpg",TRUE,2,63
"2--Demonstration","2_Demonstration_Political_Rally_2_382.jpg",TRUE,1,99
"2--Demonstration","2_Demonstration_Demonstrators_2_666.jpg",TRUE,1,55
"2--Demonstration","2_Demonstration_Demonstration_Or_Protest_2_494.jpg",TRUE,4,68.5
"2--Demonstration","2_Demonstration_Political_Rally_2_22.jpg",TRUE,4,80.25
"2--Demonstration","2_Demonstration_Protesters_2_117.jpg",TRUE,2,87.5
"2--Demonstration","2_Demonstration_Protesters_2_65.jpg",TRUE,5,81.2
"2--Demonstration","2_Demonstration_Demonstrators_2_672.jpg",TRUE,3,83.6666666666667
"2--Demonstration","2_Demonstration_Demonstration_Or_Protest_2_158.jpg",TRUE,2,75
"2--Demonstration","2_Demonstration_Demonstration_Or_Protest_2_54.jpg",TRUE,19,79.4210526315789
"2--Demonstration","2_Demonstration_Political_Rally_2_335.jpg",TRUE,63,81.6984126984127
"2--Demonstration","2_Demonstration_Demonstration_Or_Protest_2_79.jpg",TRUE,3,51
"2--Demonstration","2_Demonstration_Demonstration_Or_Protest_2_30.jpg",TRUE,1,50
"2--Demonstration","2_Demonstration_Demonstration_Or_Protest_2_420.jpg",TRUE,5,56.6
"2--Demonstration","2_Demonstration_Demonstration_Or_Protest_2_173.jpg",TRUE,20,82.7
"2--Demonstration","2_Demonstration_Protesters_2_589.jpg",TRUE,1,50
"2--Demonstration","2_Demonstration_Demonstration_Or_Protest_2_367.jpg",TRUE,10,68.4
"2--Demonstration","2_Demonstration_Demonstrators_2_244.jpg",TRUE,5,79.2
"2--Demonstration","2_Demonstration_Demonstrators_2_170.jpg",TRUE,6,86.8333333333333
"2--Demonstration","2_Demonstration_Demonstration_Or_Protest_2_140.jpg",TRUE,35,66.4571428571429
"2--Demonstration","2_Demonstration_Protesters_2_92.jpg",TRUE,4,51.25
"2--Demonstration","2_Demonstration_Protesters_2_293.jpg",TRUE,11,88.6363636363636
"2--Demonstration","2_Demonstration_Demonstration_Or_Protest_2_453.jpg",TRUE,7,67.1428571428571
"2--Demonstration","2_Demonstration_Political_Rally_2_18.jpg",TRUE,17,58.2352941176471
"2--Demonstration","2_Demonstration_Protesters_2_362.jpg",TRUE,6,60.1666666666667
"2--Demonstration","2_Demonstration_Demonstration_Or_Protest_2_430.jpg",TRUE,8,80.25
"2--Demonstration","2_Demonstration_Demonstrators_2_330.jpg",TRUE,3,78.3333333333333
"2--Demonstration","2_Demonstration_Political_Rally_2_807.jpg",FALSE,0,NA
"2--Demonstration","2_Demonstration_Demonstration_Or_Protest_2_496.jpg",TRUE,6,73.5
"2--Demonstration","2_Demonstration_Demonstrators_2_595.jpg",TRUE,4,78.25
"2--Demonstration","2_Demonstration_Political_Rally_2_960.jpg",TRUE,3,75.6666666666667
"2--Demonstration","2_Demonstration_Political_Rally_2_896.jpg",TRUE,2,99
"2--Demonstration","2_Demonstration_Protesters_2_24.jpg",TRUE,16,91.625
"2--Demonstration","2_Demonstration_Protesters_2_714.jpg",TRUE,2,94
"2--Demonstration","2_Demonstration_Demonstration_Or_Protest_2_924.jpg",TRUE,1,92
"2--Demonstration","2_Demonstration_Demonstrators_2_12.jpg",TRUE,3,58.6666666666667
"2--Demonstration","2_Demonstration_Political_Rally_2_746.jpg",TRUE,15,79
"9--Press_Conference","9_Press_Conference_Press_Conference_9_328.jpg",TRUE,2,99
"9--Press_Conference","9_Press_Conference_Press_Conference_9_344.jpg",TRUE,2,93
"9--Press_Conference","9_Press_Conference_Press_Conference_9_74.jpg",TRUE,3,99
"9--Press_Conference","9_Press_Conference_Press_Conference_9_183.jpg",TRUE,3,84.6666666666667
"9--Press_Conference","9_Press_Conference_Press_Conference_9_432.jpg",TRUE,4,74.75
"9--Press_Conference","9_Press_Conference_Press_Conference_9_209.jpg",TRUE,1,99
"9--Press_Conference","9_Press_Conference_Press_Conference_9_521.jpg",TRUE,1,99
"9--Press_Conference","9_Press_Conference_Press_Conference_9_397.jpg",TRUE,8,98.875
"9--Press_Conference","9_Press_Conference_Press_Conference_9_297.jpg",TRUE,4,57
"9--Press_Conference","9_Press_Conference_Press_Conference_9_748.jpg",TRUE,7,61.7142857142857
"9--Press_Conference","9_Press_Conference_Press_Conference_9_655.jpg",TRUE,19,84.8947368421053
"9--Press_Conference","9_Press_Conference_Press_Conference_9_147.jpg",TRUE,1,99
"9--Press_Conference","9_Press_Conference_Press_Conference_9_325.jpg",TRUE,2,99
"9--Press_Conference","9_Press_Conference_Press_Conference_9_933.jpg",TRUE,4,68.75
"9--Press_Conference","9_Press_Conference_Press_Conference_9_45.jpg",TRUE,5,99
"9--Press_Conference","9_Press_Conference_Press_Conference_9_930.jpg",TRUE,2,70.5
"9--Press_Conference","9_Press_Conference_Press_Conference_9_563.jpg",TRUE,2,99
"9--Press_Conference","9_Press_Conference_Press_Conference_9_258.jpg",TRUE,5,78.6
"9--Press_Conference","9_Press_Conference_Press_Conference_9_613.jpg",TRUE,3,82.3333333333333
"9--Press_Conference","9_Press_Conference_Press_Conference_9_784.jpg",TRUE,1,99
"9--Press_Conference","9_Press_Conference_Press_Conference_9_141.jpg",TRUE,3,50.6666666666667
"9--Press_Conference","9_Press_Conference_Press_Conference_9_518.jpg",TRUE,7,69
"9--Press_Conference","9_Press_Conference_Press_Conference_9_658.jpg",TRUE,1,99
"9--Press_Conference","9_Press_Conference_Press_Conference_9_607.jpg",TRUE,3,55.6666666666667
"9--Press_Conference","9_Press_Conference_Press_Conference_9_40.jpg",TRUE,11,77.1818181818182
"9--Press_Conference","9_Press_Conference_Press_Conference_9_693.jpg",TRUE,4,99
"9--Press_Conference","9_Press_Conference_Press_Conference_9_214.jpg",TRUE,3,99
"9--Press_Conference","9_Press_Conference_Press_Conference_9_105.jpg",TRUE,6,91.3333333333333
"9--Press_Conference","9_Press_Conference_Press_Conference_9_12.jpg",TRUE,7,77.4285714285714
"9--Press_Conference","9_Press_Conference_Press_Conference_9_595.jpg",TRUE,2,63
"9--Press_Conference","9_Press_Conference_Press_Conference_9_391.jpg",TRUE,3,67
"9--Press_Conference","9_Press_Conference_Press_Conference_9_636.jpg",TRUE,6,60.5
"9--Press_Conference","9_Press_Conference_Press_Conference_9_43.jpg",TRUE,1,99
"9--Press_Conference","9_Press_Conference_Press_Conference_9_632.jpg",TRUE,5,73
"9--Press_Conference","9_Press_Conference_Press_Conference_9_257.jpg",TRUE,2,99
"9--Press_Conference","9_Press_Conference_Press_Conference_9_34.jpg",TRUE,4,66.5
"9--Press_Conference","9_Press_Conference_Press_Conference_9_60.jpg",TRUE,6,72.3333333333333
"9--Press_Conference","9_Press_Conference_Press_Conference_9_357.jpg",TRUE,2,94
"9--Press_Conference","9_Press_Conference_Press_Conference_9_767.jpg",TRUE,3,82
"9--Press_Conference","9_Press_Conference_Press_Conference_9_872.jpg",TRUE,5,48.6
"22--Picnic","22_Picnic_Picnic_22_10.jpg",TRUE,4,91.75
"22--Picnic","22_Picnic_Picnic_22_152.jpg",TRUE,5,62
"22--Picnic","22_Picnic_Picnic_22_688.jpg",TRUE,6,66.6666666666667
"22--Picnic","22_Picnic_Picnic_22_310.jpg",TRUE,2,92
"22--Picnic","22_Picnic_Picnic_22_241.jpg",TRUE,2,97.5
"22--Picnic","22_Picnic_Picnic_22_354.jpg",TRUE,2,41.5
"22--Picnic","22_Picnic_Picnic_22_36.jpg",TRUE,5,78.4
"22--Picnic","22_Picnic_Picnic_22_732.jpg",FALSE,0,NA
"22--Picnic","22_Picnic_Picnic_22_313.jpg",TRUE,4,84.5
"22--Picnic","22_Picnic_Picnic_22_483.jpg",TRUE,2,92.5
"22--Picnic","22_Picnic_Picnic_22_541.jpg",TRUE,2,57
"22--Picnic","22_Picnic_Picnic_22_594.jpg",TRUE,2,62
"22--Picnic","22_Picnic_Picnic_22_654.jpg",TRUE,4,50
"22--Picnic","22_Picnic_Picnic_22_208.jpg",TRUE,3,90.3333333333333
"22--Picnic","22_Picnic_Picnic_22_561.jpg",TRUE,5,67.4
"22--Picnic","22_Picnic_Picnic_22_444.jpg",TRUE,3,35.6666666666667
"22--Picnic","22_Picnic_Picnic_22_537.jpg",TRUE,7,58.4285714285714
"22--Picnic","22_Picnic_Picnic_22_308.jpg",TRUE,3,63
"22--Picnic","22_Picnic_Picnic_22_140.jpg",TRUE,6,77.5
"22--Picnic","22_Picnic_Picnic_22_357.jpg",TRUE,2,98.5
"22--Picnic","22_Picnic_Picnic_22_564.jpg",TRUE,2,99
"22--Picnic","22_Picnic_Picnic_22_933.jpg",TRUE,4,83.5
"22--Picnic","22_Picnic_Picnic_22_928.jpg",TRUE,2,98
"22--Picnic","22_Picnic_Picnic_22_290.jpg",TRUE,3,92
"1--Handshaking","1_Handshaking_Handshaking_1_567.jpg",TRUE,9,55.1111111111111
"1--Handshaking","1_Handshaking_Handshaking_1_356.jpg",TRUE,1,99
"1--Handshaking","1_Handshaking_Handshaking_1_453.jpg",TRUE,1,99
"1--Handshaking","1_Handshaking_Handshaking_1_465.jpg",TRUE,3,65.6666666666667
"1--Handshaking","1_Handshaking_Handshaking_1_579.jpg",TRUE,50,77.22
"1--Handshaking","1_Handshaking_Handshaking_1_457.jpg",TRUE,3,88.6666666666667
"1--Handshaking","1_Handshaking_Handshaking_1_762.jpg",TRUE,2,99
"1--Handshaking","1_Handshaking_Handshaking_1_522.jpg",TRUE,1,99
"1--Handshaking","1_Handshaking_Handshaking_1_362.jpg",TRUE,3,75.6666666666667
"1--Handshaking","1_Handshaking_Handshaking_1_766.jpg",TRUE,4,69.25
"1--Handshaking","1_Handshaking_Handshaking_1_94.jpg",TRUE,1,100
"1--Handshaking","1_Handshaking_Handshaking_1_380.jpg",TRUE,1,32
"1--Handshaking","1_Handshaking_Handshaking_1_411.jpg",TRUE,5,80.4
"1--Handshaking","1_Handshaking_Handshaking_1_664.jpg",TRUE,1,95
"1--Handshaking","1_Handshaking_Handshaking_1_275.jpg",TRUE,1,99
"1--Handshaking","1_Handshaking_Handshaking_1_158.jpg",TRUE,4,97.75
"1--Handshaking","1_Handshaking_Handshaking_1_35.jpg",TRUE,3,71.3333333333333
"1--Handshaking","1_Handshaking_Handshaking_1_781.jpg",TRUE,3,80.3333333333333
"1--Handshaking","1_Handshaking_Handshaking_1_209.jpg",TRUE,4,88.75
"1--Handshaking","1_Handshaking_Handshaking_1_827.jpg",TRUE,3,99
"1--Handshaking","1_Handshaking_Handshaking_1_134.jpg",TRUE,2,99
"1--Handshaking","1_Handshaking_Handshaking_1_343.jpg",TRUE,6,91.3333333333333
"1--Handshaking","1_Handshaking_Handshaking_1_314.jpg",TRUE,2,62
"1--Handshaking","1_Handshaking_Handshaking_1_733.jpg",TRUE,4,79
"1--Handshaking","1_Handshaking_Handshaking_1_801.jpg",TRUE,7,93.1428571428571
"1--Handshaking","1_Handshaking_Handshaking_1_313.jpg",TRUE,2,99
"1--Handshaking","1_Handshaking_Handshaking_1_602.jpg",TRUE,1,99
"1--Handshaking","1_Handshaking_Handshaking_1_107.jpg",TRUE,3,58
"1--Handshaking","1_Handshaking_Handshaking_1_357.jpg",TRUE,2,99
"1--Handshaking","1_Handshaking_Handshaking_1_236.jpg",TRUE,7,95.4285714285714
"10--People_Marching","10_People_Marching_People_Marching_10_People_Marching_People_Marching_10_People_Marching_People_Marching_10_1024.jpg",TRUE,19,74.7894736842105
"10--People_Marching","10_People_Marching_People_Marching_10_People_Marching_People_Marching_10_848.jpg",TRUE,8,90.625
"10--People_Marching","10_People_Marching_People_Marching_2_34.jpg",TRUE,10,57.3
"10--People_Marching","10_People_Marching_People_Marching_10_People_Marching_People_Marching_10_People_Marching_People_Marching_10_933.jpg",TRUE,4,63.5
"10--People_Marching","10_People_Marching_People_Marching_2_638.jpg",TRUE,5,49.4
"10--People_Marching","10_People_Marching_People_Marching_2_239.jpg",TRUE,6,43.3333333333333
"10--People_Marching","10_People_Marching_People_Marching_2_514.jpg",TRUE,5,78.4
"10--People_Marching","10_People_Marching_People_Marching_10_People_Marching_People_Marching_10_People_Marching_People_Marching_10_1020.jpg",FALSE,0,NA
"10--People_Marching","10_People_Marching_People_Marching_2_395.jpg",TRUE,2,56.5
"10--People_Marching","10_People_Marching_People_Marching_2_307.jpg",TRUE,5,84.4
"10--People_Marching","10_People_Marching_People_Marching_10_People_Marching_People_Marching_10_240.jpg",TRUE,16,88.0625
"10--People_Marching","10_People_Marching_People_Marching_10_People_Marching_People_Marching_10_368.jpg",TRUE,13,87.4615384615385
"10--People_Marching","10_People_Marching_People_Marching_10_People_Marching_People_Marching_10_People_Marching_People_Marching_10_162.jpg",TRUE,1,98
"10--People_Marching","10_People_Marching_People_Marching_2_404.jpg",TRUE,8,51
"10--People_Marching","10_People_Marching_People_Marching_2_668.jpg",TRUE,10,92.1
"10--People_Marching","10_People_Marching_People_Marching_2_496.jpg",TRUE,5,59.6
"10--People_Marching","10_People_Marching_People_Marching_2_131.jpg",TRUE,16,98.5
"10--People_Marching","10_People_Marching_People_Marching_2_1046.jpg",TRUE,4,52.75
"10--People_Marching","10_People_Marching_People_Marching_2_934.jpg",TRUE,2,92.5
"10--People_Marching","10_People_Marching_People_Marching_2_577.jpg",TRUE,4,70.25
"10--People_Marching","10_People_Marching_People_Marching_2_2.jpg",TRUE,1,26
"10--People_Marching","10_People_Marching_People_Marching_2_27.jpg",TRUE,3,53.6666666666667
"10--People_Marching","10_People_Marching_People_Marching_2_316.jpg",TRUE,2,42.5
"10--People_Marching","10_People_Marching_People_Marching_2_36.jpg",TRUE,7,52.8571428571429
"10--People_Marching","10_People_Marching_People_Marching_10_People_Marching_People_Marching_10_69.jpg",TRUE,72,67.6111111111111
"10--People_Marching","10_People_Marching_People_Marching_2_191.jpg",TRUE,4,58.75
"10--People_Marching","10_People_Marching_People_Marching_10_People_Marching_People_Marching_10_People_Marching_People_Marching_10_674.jpg",TRUE,3,29
"10--People_Marching","10_People_Marching_People_Marching_10_People_Marching_People_Marching_10_524.jpg",TRUE,3,93.6666666666667
"10--People_Marching","10_People_Marching_People_Marching_2_40.jpg",TRUE,15,76.6
"10--People_Marching","10_People_Marching_People_Marching_2_498.jpg",TRUE,15,60
"10--People_Marching","10_People_Marching_People_Marching_2_591.jpg",TRUE,20,57.1
"10--People_Marching","10_People_Marching_People_Marching_10_People_Marching_People_Marching_10_552.jpg",TRUE,3,56.3333333333333
"10--People_Marching","10_People_Marching_People_Marching_2_430.jpg",TRUE,4,61.5
"10--People_Marching","10_People_Marching_People_Marching_2_944.jpg",TRUE,4,47.75
"10--People_Marching","10_People_Marching_People_Marching_10_People_Marching_People_Marching_10_People_Marching_People_Marching_10_938.jpg",TRUE,1,99
"10--People_Marching","10_People_Marching_People_Marching_10_People_Marching_People_Marching_10_People_Marching_People_Marching_10_716.jpg",TRUE,9,94.2222222222222
"10--People_Marching","10_People_Marching_People_Marching_2_277.jpg",TRUE,4,50.5
"10--People_Marching","10_People_Marching_People_Marching_10_People_Marching_People_Marching_10_499.jpg",FALSE,0,NA
"10--People_Marching","10_People_Marching_People_Marching_2_935.jpg",TRUE,4,70.25
"10--People_Marching","10_People_Marching_People_Marching_2_60.jpg",TRUE,9,92.8888888888889
"16--Award_Ceremony","16_Award_Ceremony_Awards_Ceremony_16_195.jpg",TRUE,1,61
"16--Award_Ceremony","16_Award_Ceremony_Awards_Ceremony_16_422.jpg",TRUE,4,82.25
"16--Award_Ceremony","16_Award_Ceremony_Awards_Ceremony_16_392.jpg",TRUE,10,47.4
"16--Award_Ceremony","16_Award_Ceremony_Awards_Ceremony_16_591.jpg",TRUE,5,52.4
"16--Award_Ceremony","16_Award_Ceremony_Awards_Ceremony_16_84.jpg",TRUE,3,79
"16--Award_Ceremony","16_Award_Ceremony_Awards_Ceremony_16_64.jpg",TRUE,1,100
"16--Award_Ceremony","16_Award_Ceremony_Awards_Ceremony_16_524.jpg",TRUE,3,87
"16--Award_Ceremony","16_Award_Ceremony_Awards_Ceremony_16_135.jpg",TRUE,1,100
"16--Award_Ceremony","16_Award_Ceremony_Awards_Ceremony_16_73.jpg",TRUE,12,75.5
"16--Award_Ceremony","16_Award_Ceremony_Awards_Ceremony_16_141.jpg",TRUE,11,89.4545454545455
"16--Award_Ceremony","16_Award_Ceremony_Awards_Ceremony_16_143.jpg",TRUE,5,71.2
"16--Award_Ceremony","16_Award_Ceremony_Awards_Ceremony_16_94.jpg",TRUE,4,99
"16--Award_Ceremony","16_Award_Ceremony_Awards_Ceremony_16_467.jpg",TRUE,3,65.6666666666667
"16--Award_Ceremony","16_Award_Ceremony_Awards_Ceremony_16_474.jpg",TRUE,5,63.2
"16--Award_Ceremony","16_Award_Ceremony_Awards_Ceremony_16_56.jpg",TRUE,2,99
"16--Award_Ceremony","16_Award_Ceremony_Awards_Ceremony_16_482.jpg",TRUE,2,63.5
"16--Award_Ceremony","16_Award_Ceremony_Awards_Ceremony_16_566.jpg",TRUE,3,66
"16--Award_Ceremony","16_Award_Ceremony_Awards_Ceremony_16_25.jpg",TRUE,11,98.7272727272727
"16--Award_Ceremony","16_Award_Ceremony_Awards_Ceremony_16_361.jpg",TRUE,1,99
"16--Award_Ceremony","16_Award_Ceremony_Awards_Ceremony_16_4.jpg",FALSE,0,NA
"16--Award_Ceremony","16_Award_Ceremony_Awards_Ceremony_16_490.jpg",TRUE,3,71.6666666666667
"16--Award_Ceremony","16_Award_Ceremony_Awards_Ceremony_16_512.jpg",TRUE,3,75.3333333333333
"16--Award_Ceremony","16_Award_Ceremony_Awards_Ceremony_16_311.jpg",TRUE,4,53
"16--Award_Ceremony","16_Award_Ceremony_Awards_Ceremony_16_231.jpg",TRUE,4,96.25
"16--Award_Ceremony","16_Award_Ceremony_Awards_Ceremony_16_637.jpg",TRUE,1,99
"16--Award_Ceremony","16_Award_Ceremony_Awards_Ceremony_16_85.jpg",TRUE,6,99
"16--Award_Ceremony","16_Award_Ceremony_Awards_Ceremony_16_309.jpg",TRUE,6,74
"16--Award_Ceremony","16_Award_Ceremony_Awards_Ceremony_16_750.jpg",TRUE,1,99
"16--Award_Ceremony","16_Award_Ceremony_Awards_Ceremony_16_495.jpg",TRUE,2,92.5
"16--Award_Ceremony","16_Award_Ceremony_Awards_Ceremony_16_116.jpg",TRUE,4,75
"16--Award_Ceremony","16_Award_Ceremony_Awards_Ceremony_16_752.jpg",TRUE,4,80.75
"16--Award_Ceremony","16_Award_Ceremony_Awards_Ceremony_16_589.jpg",TRUE,1,99
"16--Award_Ceremony","16_Award_Ceremony_Awards_Ceremony_16_447.jpg",TRUE,3,74.3333333333333
"16--Award_Ceremony","16_Award_Ceremony_Awards_Ceremony_16_338.jpg",TRUE,4,74.25
"16--Award_Ceremony","16_Award_Ceremony_Awards_Ceremony_16_346.jpg",TRUE,2,99.5
"16--Award_Ceremony","16_Award_Ceremony_Awards_Ceremony_16_226.jpg",TRUE,3,78.3333333333333
"16--Award_Ceremony","16_Award_Ceremony_Awards_Ceremony_16_305.jpg",TRUE,6,61.6666666666667
"16--Award_Ceremony","16_Award_Ceremony_Awards_Ceremony_16_134.jpg",TRUE,1,99
"16--Award_Ceremony","16_Award_Ceremony_Awards_Ceremony_16_124.jpg",TRUE,1,99
"16--Award_Ceremony","16_Award_Ceremony_Awards_Ceremony_16_239.jpg",TRUE,3,87.3333333333333
"21--Festival","21_Festival_Festival_21_340.jpg",FALSE,0,NA
"21--Festival","21_Festival_Festival_21_42.jpg",TRUE,15,47.8666666666667
"21--Festival","21_Festival_Festival_21_140.jpg",TRUE,1,68
"21--Festival","21_Festival_Festival_21_414.jpg",TRUE,1,97
"21--Festival","21_Festival_Festival_21_830.jpg",TRUE,5,75.8
"21--Festival","21_Festival_Festival_21_741.jpg",TRUE,4,80.5
"21--Festival","21_Festival_Festival_21_601.jpg",TRUE,4,77
"21--Festival","21_Festival_Festival_21_664.jpg",TRUE,3,91.6666666666667
"21--Festival","21_Festival_Festival_21_513.jpg",TRUE,2,97.5
"21--Festival","21_Festival_Festival_21_395.jpg",TRUE,4,60.75
"21--Festival","21_Festival_Festival_21_254.jpg",TRUE,2,93.5
"21--Festival","21_Festival_Festival_21_660.jpg",TRUE,1,99
"21--Festival","21_Festival_Festival_21_378.jpg",TRUE,3,44.6666666666667
"21--Festival","21_Festival_Festival_21_210.jpg",TRUE,5,84
"21--Festival","21_Festival_Festival_21_585.jpg",TRUE,1,26
"21--Festival","21_Festival_Festival_21_290.jpg",TRUE,4,97.75
"21--Festival","21_Festival_Festival_21_562.jpg",TRUE,2,75.5
"21--Festival","21_Festival_Festival_21_943.jpg",FALSE,0,NA
"21--Festival","21_Festival_Festival_21_491.jpg",TRUE,7,67.4285714285714
"21--Festival","21_Festival_Festival_21_219.jpg",TRUE,3,56
"21--Festival","21_Festival_Festival_21_881.jpg",TRUE,6,59
"21--Festival","21_Festival_Festival_21_22.jpg",TRUE,3,77
"21--Festival","21_Festival_Festival_21_640.jpg",FALSE,0,NA
"21--Festival","21_Festival_Festival_21_811.jpg",TRUE,3,97
"21--Festival","21_Festival_Festival_21_193.jpg",TRUE,2,67
"21--Festival","21_Festival_Festival_21_218.jpg",TRUE,4,64.5
"21--Festival","21_Festival_Festival_21_225.jpg",TRUE,6,96.8333333333333
"21--Festival","21_Festival_Festival_21_462.jpg",TRUE,2,79
"21--Festival","21_Festival_Festival_21_275.jpg",TRUE,2,61.5
"21--Festival","21_Festival_Festival_21_354.jpg",TRUE,1,99
"21--Festival","21_Festival_Festival_21_604.jpg",TRUE,6,43
"21--Festival","21_Festival_Festival_21_797.jpg",TRUE,11,85.8181818181818
"21--Festival","21_Festival_Festival_21_936.jpg",TRUE,4,68.25
"21--Festival","21_Festival_Festival_21_201.jpg",TRUE,1,83
"21--Festival","21_Festival_Festival_21_777.jpg",TRUE,2,62
"21--Festival","21_Festival_Festival_21_100.jpg",TRUE,5,66
"21--Festival","21_Festival_Festival_21_727.jpg",TRUE,2,30
"21--Festival","21_Festival_Festival_21_526.jpg",FALSE,0,NA
"21--Festival","21_Festival_Festival_21_373.jpg",TRUE,3,74.3333333333333
"21--Festival","21_Festival_Festival_21_605.jpg",TRUE,7,98.4285714285714
"38--Tennis","38_Tennis_Tennis_38_81.jpg",TRUE,4,66.25
"38--Tennis","38_Tennis_Tennis_38_501.jpg",TRUE,3,74.6666666666667
"38--Tennis","38_Tennis_Tennis_38_497.jpg",TRUE,1,99
"38--Tennis","38_Tennis_Tennis_38_592.jpg",TRUE,1,99
"38--Tennis","38_Tennis_Tennis_38_452.jpg",TRUE,9,98.7777777777778
"38--Tennis","38_Tennis_Tennis_38_692.jpg",TRUE,4,68.75
"38--Tennis","38_Tennis_Tennis_38_683.jpg",TRUE,7,99
"38--Tennis","38_Tennis_Tennis_38_94.jpg",TRUE,1,99
"38--Tennis","38_Tennis_Tennis_38_40.jpg",TRUE,2,78
"38--Tennis","38_Tennis_Tennis_38_507.jpg",TRUE,2,95
"38--Tennis","38_Tennis_Tennis_38_23.jpg",TRUE,2,71
"38--Tennis","38_Tennis_Tennis_38_717.jpg",TRUE,4,72
"38--Tennis","38_Tennis_Tennis_38_232.jpg",TRUE,1,64
"38--Tennis","38_Tennis_Tennis_38_580.jpg",TRUE,11,91.9090909090909
"38--Tennis","38_Tennis_Tennis_38_604.jpg",TRUE,2,94
"38--Tennis","38_Tennis_Tennis_38_485.jpg",TRUE,2,92.5
"38--Tennis","38_Tennis_Tennis_38_323.jpg",TRUE,4,76.75
"38--Tennis","38_Tennis_Tennis_38_531.jpg",TRUE,4,77.75
"38--Tennis","38_Tennis_Tennis_38_558.jpg",TRUE,3,67.6666666666667
"38--Tennis","38_Tennis_Tennis_38_142.jpg",TRUE,1,99
"38--Tennis","38_Tennis_Tennis_38_240.jpg",TRUE,1,99
"38--Tennis","38_Tennis_Tennis_38_319.jpg",TRUE,3,59
"38--Tennis","38_Tennis_Tennis_38_230.jpg",TRUE,1,99
"38--Tennis","38_Tennis_Tennis_38_18.jpg",TRUE,1,99
"38--Tennis","38_Tennis_Tennis_38_758.jpg",TRUE,3,97.3333333333333
"38--Tennis","38_Tennis_Tennis_38_332.jpg",TRUE,1,96
"38--Tennis","38_Tennis_Tennis_38_131.jpg",TRUE,3,97
"38--Tennis","38_Tennis_Tennis_38_754.jpg",TRUE,3,74.6666666666667
"38--Tennis","38_Tennis_Tennis_38_666.jpg",TRUE,3,78
"38--Tennis","38_Tennis_Tennis_38_182.jpg",TRUE,1,99
"38--Tennis","38_Tennis_Tennis_38_371.jpg",TRUE,26,95.7692307692308
"38--Tennis","38_Tennis_Tennis_38_128.jpg",TRUE,3,63
"38--Tennis","38_Tennis_Tennis_38_535.jpg",TRUE,20,75.4
"38--Tennis","38_Tennis_Tennis_38_420.jpg",TRUE,1,94
"38--Tennis","38_Tennis_Tennis_38_300.jpg",TRUE,2,95
